applicant_id,gender,age,religion,income_bracket,credit_score,loan_amount_requested,employment_type,residential_area,loan_approved
L2000,Male,27,Christian,5-10L,581,2622236,Salaried,Urban-Premium,0
L2001,Male,38,Hindu,>25L,598,2950435,Business,Urban-Low,0
L2002,Female,37,Hindu,2-5L,744,1088795,Business,Semi-Urban,1
L2003,Female,45,Hindu,2-5L,644,1698234,Salaried,Urban-Premium,0
L2004,Male,32,Muslim,2-5L,651,2870538,Salaried,Urban-Premium,0
L2005,Male,32,Hindu,>25L,771,755108,Business,Semi-Urban,0
L2006,Female,40,Hindu,2-5L,666,3533961,Business,Rural,0
L2007,Male,29,Hindu,2-5L,788,4885426,Salaried,Semi-Urban,1
L2008,Female,28,Muslim,2-5L,592,3080235,Salaried,Semi-Urban,0
L2009,Male,21,Hindu,<2L,756,843540,Self-employed,Semi-Urban,1
L2010,Female,36,Hindu,5-10L,470,3340579,Salaried,Urban-Middle,0
L2011,Female,38,Muslim,5-10L,710,2338751,Salaried,Urban-Middle,0
L2012,Female,27,Hindu,2-5L,677,4400972,Salaried,Semi-Urban,0
L2013,Male,35,Hindu,2-5L,645,1044114,Salaried,Urban-Middle,0
L2014,Male,29,Hindu,>25L,640,1780830,Unemployed,Urban-Low,0
L2015,Male,31,Hindu,5-10L,612,292873,Salaried,Semi-Urban,1
L2016,Male,21,Hindu,10-25L,834,151514,Business,Rural,1
L2017,Male,21,Christian,10-25L,767,4641847,Unemployed,Urban-Low,0
L2018,Male,21,Hindu,2-5L,728,4994085,Salaried,Urban-Low,1
L2019,Male,21,Hindu,2-5L,743,4557017,Salaried,Semi-Urban,0
L2020,Male,31,Hindu,2-5L,681,3495253,Self-employed,Rural,0
L2021,Male,21,Hindu,>25L,679,3055902,Salaried,Urban-Low,0
L2022,Male,47,Hindu,2-5L,631,1800098,Salaried,Semi-Urban,0
L2023,Male,34,Muslim,2-5L,682,1378161,Salaried,Semi-Urban,0
L2024,Male,35,Christian,<2L,717,2889111,Business,Urban-Low,1
L2025,Male,49,Hindu,10-25L,740,4836448,Salaried,Urban-Middle,1
L2026,Female,44,Hindu,<2L,607,1992809,Salaried,Urban-Middle,0
L2027,Male,33,Other,2-5L,847,4918369,Salaried,Semi-Urban,0
L2028,Female,37,Hindu,5-10L,631,3723947,Salaried,Semi-Urban,1
L2029,Female,32,Hindu,<2L,776,2769525,Salaried,Urban-Middle,1
L2030,Male,51,Hindu,2-5L,622,2015495,Unemployed,Rural,0
L2031,Male,42,Hindu,5-10L,719,4239834,Salaried,Semi-Urban,1
L2032,Male,21,Hindu,10-25L,606,1590063,Business,Urban-Middle,0
L2033,Female,30,Hindu,5-10L,740,866174,Business,Urban-Low,1
L2034,Male,43,Christian,5-10L,535,3195439,Self-employed,Urban-Premium,1
L2035,Male,21,Hindu,2-5L,660,753092,Business,Rural,0
L2036,Male,41,Muslim,<2L,726,3255148,Business,Urban-Low,0
L2037,Male,55,Hindu,<2L,540,2772596,Salaried,Semi-Urban,0
L2038,Male,35,Hindu,<2L,764,3282824,Business,Semi-Urban,1
L2039,Male,36,Hindu,<2L,625,4720615,Self-employed,Semi-Urban,0
L2040,Male,25,Hindu,2-5L,755,4988594,Salaried,Urban-Middle,0
L2041,Female,44,Other,<2L,718,3271976,Salaried,Semi-Urban,0
L2042,Female,29,Hindu,10-25L,674,3537345,Salaried,Urban-Premium,0
L2043,Female,21,Hindu,5-10L,651,1840891,Self-employed,Semi-Urban,0
L2044,Male,27,Hindu,<2L,650,3028643,Business,Rural,1
L2045,Female,21,Muslim,2-5L,773,4397890,Salaried,Urban-Low,1
L2046,Male,32,Hindu,5-10L,774,547630,Business,Urban-Low,1
L2047,Male,30,Hindu,10-25L,781,1701020,Salaried,Urban-Low,1
L2048,Male,42,Hindu,5-10L,791,3408631,Salaried,Urban-Middle,0
L2049,Female,39,Hindu,<2L,705,3129596,Business,Semi-Urban,0
L2050,Male,41,Hindu,5-10L,715,1639394,Unemployed,Urban-Premium,0
L2051,Male,37,Hindu,2-5L,713,2553035,Business,Urban-Premium,0
L2052,Male,39,Hindu,10-25L,609,1616366,Salaried,Urban-Low,0
L2053,Male,21,Christian,2-5L,735,926872,Unemployed,Urban-Low,0
L2054,Female,25,Hindu,<2L,632,804953,Salaried,Urban-Low,1
L2055,Female,38,Hindu,<2L,640,3313521,Self-employed,Semi-Urban,0
L2056,Female,44,Hindu,10-25L,671,4958959,Salaried,Semi-Urban,1
L2057,Female,28,Christian,2-5L,596,2245048,Salaried,Semi-Urban,0
L2058,Female,36,Muslim,2-5L,670,429694,Salaried,Rural,0
L2059,Female,43,Hindu,2-5L,599,4132717,Salaried,Semi-Urban,0
L2060,Female,32,Muslim,>25L,714,1136013,Salaried,Semi-Urban,1
L2061,Female,35,Sikh,<2L,632,1431416,Business,Urban-Middle,1
L2062,Male,35,Hindu,<2L,688,4932266,Business,Urban-Middle,0
L2063,Male,25,Christian,2-5L,761,952422,Salaried,Semi-Urban,1
L2064,Male,36,Hindu,10-25L,680,2217129,Business,Urban-Low,0
L2065,Female,44,Hindu,<2L,652,1136383,Self-employed,Urban-Middle,0
L2066,Male,32,Muslim,<2L,762,142233,Salaried,Urban-Low,1
L2067,Male,21,Muslim,2-5L,609,4084395,Self-employed,Urban-Middle,1
L2068,Female,31,Hindu,10-25L,776,3379414,Salaried,Urban-Low,1
L2069,Female,22,Hindu,2-5L,745,4024008,Salaried,Semi-Urban,0
L2070,Male,33,Hindu,>25L,570,1743493,Unemployed,Urban-Low,1
L2071,Male,56,Hindu,5-10L,798,1180305,Salaried,Urban-Low,0
L2072,Female,40,Hindu,>25L,470,3365395,Salaried,Urban-Low,0
L2073,Female,24,Muslim,5-10L,748,485270,Salaried,Urban-Middle,0
L2074,Male,43,Hindu,2-5L,770,1478294,Salaried,Urban-Middle,1
L2075,Male,37,Hindu,10-25L,664,3971407,Self-employed,Urban-Premium,0
L2076,Male,47,Muslim,2-5L,629,4741049,Salaried,Semi-Urban,0
L2077,Male,34,Sikh,10-25L,631,4045084,Business,Urban-Middle,0
L2078,Male,36,Hindu,5-10L,585,183148,Unemployed,Urban-Premium,0
L2079,Female,36,Hindu,5-10L,673,453844,Self-employed,Urban-Low,0
L2080,Male,39,Hindu,10-25L,603,3104269,Salaried,Rural,0
L2081,Male,35,Muslim,10-25L,680,2329288,Business,Urban-Premium,0
L2082,Male,33,Christian,10-25L,613,586264,Salaried,Urban-Middle,0
L2083,Male,37,Muslim,2-5L,578,3596935,Business,Urban-Premium,0
L2084,Female,33,Hindu,5-10L,597,3818453,Salaried,Urban-Low,0
L2085,Male,35,Christian,2-5L,592,4249246,Business,Urban-Low,0
L2086,Male,21,Muslim,2-5L,713,1736823,Salaried,Urban-Middle,1
L2087,Male,37,Hindu,<2L,718,2803390,Salaried,Urban-Low,0
L2088,Male,26,Hindu,10-25L,615,1109342,Self-employed,Urban-Premium,1
L2089,Male,30,Hindu,5-10L,704,1827393,Self-employed,Urban-Middle,0
L2090,Male,34,Hindu,<2L,573,4724455,Unemployed,Urban-Middle,0
L2091,Female,42,Hindu,>25L,749,354916,Salaried,Urban-Premium,0
L2092,Female,35,Hindu,<2L,799,1494906,Salaried,Semi-Urban,1
L2093,Male,35,Hindu,>25L,773,2385235,Salaried,Urban-Premium,0
L2094,Female,35,Hindu,5-10L,577,4736315,Self-employed,Urban-Low,1
L2095,Female,44,Hindu,2-5L,625,1347852,Salaried,Urban-Low,0
L2096,Male,29,Muslim,5-10L,692,2682337,Self-employed,Urban-Middle,0
L2097,Male,24,Hindu,>25L,625,764570,Salaried,Semi-Urban,1
L2098,Female,36,Hindu,2-5L,711,4226749,Salaried,Urban-Premium,0
L2099,Female,51,Hindu,>25L,614,2071076,Salaried,Urban-Low,1
L2100,Male,47,Muslim,<2L,627,1896100,Salaried,Urban-Middle,1
L2101,Male,44,Hindu,5-10L,638,2934963,Business,Urban-Low,1
L2102,Male,39,Hindu,10-25L,760,4480467,Business,Urban-Premium,1
L2103,Female,38,Hindu,10-25L,644,2372668,Salaried,Urban-Middle,1
L2104,Male,56,Hindu,10-25L,751,1155768,Salaried,Rural,0
L2105,Male,47,Hindu,5-10L,726,421567,Self-employed,Urban-Low,0
L2106,Male,45,Hindu,10-25L,647,2857011,Business,Semi-Urban,0
L2107,Male,21,Sikh,2-5L,654,4763341,Salaried,Rural,0
L2108,Male,37,Hindu,10-25L,647,2269008,Salaried,Semi-Urban,1
L2109,Male,21,Hindu,10-25L,711,3386563,Salaried,Urban-Middle,0
L2110,Female,53,Hindu,5-10L,757,2596593,Self-employed,Urban-Middle,1
L2111,Male,40,Hindu,5-10L,736,1291310,Self-employed,Urban-Middle,1
L2112,Male,25,Hindu,5-10L,613,4140133,Salaried,Urban-Premium,1
L2113,Male,42,Hindu,5-10L,511,4730583,Self-employed,Urban-Premium,1
L2114,Male,21,Hindu,2-5L,545,904925,Self-employed,Semi-Urban,0
L2115,Female,47,Hindu,<2L,738,4842536,Business,Semi-Urban,0
L2116,Male,32,Hindu,5-10L,550,3738916,Salaried,Urban-Low,0
L2117,Female,26,Other,2-5L,514,2258955,Business,Semi-Urban,0
L2118,Male,31,Hindu,5-10L,739,4709381,Salaried,Urban-Middle,1
L2119,Male,45,Hindu,>25L,682,4943015,Salaried,Urban-Premium,1
L2120,Male,27,Hindu,5-10L,751,4712266,Business,Urban-Low,0
L2121,Male,49,Hindu,5-10L,756,4847191,Salaried,Urban-Premium,1
L2122,Female,41,Hindu,5-10L,657,2088000,Salaried,Urban-Middle,0
L2123,Male,23,Muslim,<2L,618,4676761,Business,Semi-Urban,0
L2124,Female,35,Hindu,5-10L,744,721676,Self-employed,Urban-Low,0
L2125,Male,21,Hindu,5-10L,553,2113000,Salaried,Rural,1
L2126,Male,28,Hindu,2-5L,728,148849,Salaried,Semi-Urban,0
L2127,Female,35,Hindu,10-25L,711,2591547,Salaried,Semi-Urban,0
L2128,Female,30,Hindu,10-25L,635,1015845,Salaried,Rural,0
L2129,Female,30,Sikh,<2L,670,3379645,Business,Urban-Low,0
L2130,Male,34,Hindu,5-10L,539,2563638,Salaried,Urban-Low,0
L2131,Male,21,Muslim,5-10L,639,3799169,Unemployed,Urban-Middle,0
L2132,Male,23,Hindu,5-10L,700,2844568,Salaried,Urban-Low,1
L2133,Female,35,Hindu,5-10L,663,1915408,Self-employed,Rural,0
L2134,Female,37,Hindu,2-5L,630,340827,Salaried,Semi-Urban,0
L2135,Female,30,Muslim,2-5L,653,4611706,Self-employed,Urban-Low,0
L2136,Male,36,Hindu,<2L,791,2730609,Business,Urban-Middle,1
L2137,Male,40,Hindu,5-10L,638,2558325,Self-employed,Urban-Premium,1
L2138,Male,48,Hindu,10-25L,693,3495104,Self-employed,Semi-Urban,0
L2139,Male,32,Hindu,2-5L,694,518472,Salaried,Semi-Urban,0
L2140,Male,31,Hindu,10-25L,720,4491657,Self-employed,Rural,1
L2141,Male,29,Hindu,2-5L,647,2904190,Salaried,Urban-Middle,0
L2142,Female,27,Muslim,<2L,773,738558,Salaried,Semi-Urban,0
L2143,Male,42,Hindu,2-5L,647,3501245,Salaried,Urban-Middle,1
L2144,Male,41,Muslim,5-10L,593,3730327,Self-employed,Urban-Middle,0
L2145,Female,44,Hindu,2-5L,785,4656616,Self-employed,Semi-Urban,0
L2146,Male,42,Muslim,10-25L,601,2134025,Salaried,Urban-Low,0
L2147,Male,25,Muslim,2-5L,615,1753059,Salaried,Rural,0
L2148,Male,25,Hindu,>25L,643,118768,Salaried,Rural,1
L2149,Female,37,Hindu,<2L,718,1591107,Salaried,Urban-Premium,0
L2150,Female,24,Hindu,<2L,601,1497414,Business,Rural,0
L2151,Female,42,Hindu,<2L,543,3710293,Salaried,Rural,1
L2152,Male,41,Hindu,5-10L,393,4386260,Business,Semi-Urban,0
L2153,Male,46,Hindu,2-5L,535,4811896,Salaried,Urban-Premium,0
L2154,Male,32,Hindu,2-5L,653,4018490,Self-employed,Urban-Low,0
L2155,Male,23,Hindu,10-25L,592,1254273,Business,Rural,0
L2156,Male,39,Sikh,2-5L,681,4074412,Salaried,Urban-Middle,0
L2157,Male,51,Hindu,>25L,788,881034,Unemployed,Rural,1
L2158,Male,31,Hindu,5-10L,576,451503,Salaried,Rural,1
L2159,Male,36,Hindu,2-5L,699,452342,Business,Rural,1
L2160,Male,26,Hindu,5-10L,554,4794098,Self-employed,Urban-Premium,0
L2161,Male,46,Hindu,<2L,618,3859443,Salaried,Urban-Middle,1
L2162,Female,25,Hindu,2-5L,648,4513724,Business,Urban-Middle,0
L2163,Male,34,Hindu,2-5L,625,285144,Self-employed,Urban-Middle,1
L2164,Male,39,Hindu,2-5L,708,4891483,Salaried,Urban-Middle,1
L2165,Female,29,Hindu,2-5L,705,3116207,Salaried,Urban-Low,0
L2166,Female,21,Hindu,2-5L,766,730896,Business,Urban-Low,0
L2167,Male,27,Muslim,10-25L,653,2874982,Business,Urban-Premium,1
L2168,Female,21,Hindu,10-25L,576,1863142,Self-employed,Semi-Urban,0
L2169,Male,35,Sikh,5-10L,623,4228517,Salaried,Semi-Urban,1
L2170,Male,28,Hindu,5-10L,691,2236630,Self-employed,Semi-Urban,0
L2171,Female,21,Christian,2-5L,595,871120,Salaried,Rural,0
L2172,Male,52,Christian,2-5L,748,3145385,Salaried,Urban-Middle,1
L2173,Male,41,Hindu,<2L,620,1327366,Business,Urban-Middle,1
L2174,Male,31,Hindu,2-5L,723,3763493,Self-employed,Semi-Urban,1
L2175,Female,60,Hindu,<2L,581,2970313,Self-employed,Urban-Low,0
L2176,Male,51,Hindu,10-25L,494,2034555,Self-employed,Urban-Middle,0
L2177,Male,41,Hindu,2-5L,686,4656365,Salaried,Urban-Low,1
L2178,Female,38,Christian,>25L,659,2649129,Self-employed,Semi-Urban,1
L2179,Male,25,Hindu,<2L,601,3153544,Salaried,Urban-Low,0
L2180,Male,43,Muslim,2-5L,842,3849022,Salaried,Urban-Low,1
L2181,Male,50,Hindu,>25L,619,1847943,Self-employed,Semi-Urban,1
L2182,Male,21,Hindu,<2L,734,1299250,Business,Urban-Low,0
L2183,Male,37,Hindu,>25L,732,4546569,Salaried,Urban-Low,0
L2184,Male,27,Hindu,2-5L,677,4731099,Salaried,Urban-Low,0
L2185,Female,39,Christian,5-10L,615,4734304,Salaried,Semi-Urban,1
L2186,Female,44,Hindu,2-5L,746,3127284,Business,Urban-Premium,0
L2187,Male,29,Hindu,5-10L,631,3183174,Self-employed,Semi-Urban,1
L2188,Female,21,Hindu,2-5L,656,4445474,Salaried,Semi-Urban,0
L2189,Female,25,Hindu,5-10L,640,3922411,Business,Urban-Middle,0
L2190,Female,35,Hindu,5-10L,488,2483384,Self-employed,Urban-Middle,1
L2191,Female,48,Sikh,>25L,603,2640158,Salaried,Rural,1
L2192,Male,21,Muslim,2-5L,570,936764,Salaried,Urban-Low,0
L2193,Female,24,Sikh,>25L,648,4485917,Unemployed,Rural,0
L2194,Female,33,Hindu,<2L,677,2765001,Salaried,Urban-Low,0
L2195,Male,37,Muslim,>25L,686,1494108,Salaried,Semi-Urban,0
L2196,Male,38,Christian,2-5L,705,4529370,Salaried,Urban-Low,1
L2197,Male,52,Hindu,<2L,644,2475807,Salaried,Urban-Middle,0
L2198,Female,34,Christian,2-5L,649,563326,Business,Semi-Urban,1
L2199,Female,35,Hindu,5-10L,538,4747283,Business,Semi-Urban,1
L2200,Male,22,Other,<2L,677,2488592,Salaried,Semi-Urban,1
L2201,Female,24,Hindu,>25L,638,3967524,Salaried,Rural,0
L2202,Male,29,Other,<2L,665,3309044,Salaried,Rural,0
L2203,Female,21,Hindu,<2L,735,1026779,Self-employed,Urban-Middle,0
L2204,Female,21,Hindu,<2L,701,1415650,Self-employed,Urban-Low,0
L2205,Male,40,Hindu,2-5L,549,3562548,Business,Urban-Middle,1
L2206,Male,22,Muslim,>25L,693,4734296,Salaried,Rural,0
L2207,Female,53,Hindu,2-5L,850,1026480,Business,Semi-Urban,0
L2208,Male,25,Hindu,5-10L,700,2073649,Self-employed,Urban-Premium,0
L2209,Male,32,Hindu,2-5L,632,3284333,Salaried,Semi-Urban,0
L2210,Male,38,Hindu,<2L,733,3484015,Self-employed,Urban-Low,0
L2211,Female,29,Hindu,5-10L,560,1345321,Business,Urban-Low,0
L2212,Male,26,Hindu,2-5L,730,2137296,Salaried,Urban-Middle,0
L2213,Female,28,Hindu,2-5L,634,212930,Business,Urban-Middle,0
L2214,Male,38,Hindu,<2L,608,3259307,Salaried,Semi-Urban,0
L2215,Male,38,Hindu,2-5L,733,4369534,Unemployed,Semi-Urban,0
L2216,Male,33,Hindu,>25L,544,1904647,Salaried,Urban-Middle,0
L2217,Male,45,Muslim,<2L,683,2051426,Salaried,Semi-Urban,1
L2218,Female,21,Hindu,2-5L,626,2531981,Salaried,Semi-Urban,0
L2219,Female,34,Hindu,2-5L,743,4319456,Salaried,Urban-Premium,0
L2220,Male,40,Muslim,<2L,839,735936,Self-employed,Rural,0
L2221,Female,26,Muslim,>25L,774,1497697,Salaried,Semi-Urban,1
L2222,Male,63,Muslim,2-5L,702,3102153,Self-employed,Urban-Low,1
L2223,Male,42,Hindu,5-10L,719,3966298,Salaried,Urban-Low,1
L2224,Male,36,Other,<2L,628,328755,Business,Urban-Middle,0
L2225,Male,43,Hindu,2-5L,614,1024298,Self-employed,Urban-Low,0
L2226,Female,27,Muslim,5-10L,706,4481087,Business,Urban-Premium,1
L2227,Female,21,Hindu,<2L,812,4591551,Self-employed,Semi-Urban,1
L2228,Male,35,Hindu,2-5L,597,3680327,Self-employed,Urban-Premium,0
L2229,Female,31,Hindu,>25L,600,2943119,Business,Urban-Middle,0
L2230,Male,21,Hindu,2-5L,771,976321,Business,Urban-Middle,1
L2231,Female,21,Other,2-5L,695,870454,Self-employed,Urban-Low,0
L2232,Female,44,Muslim,2-5L,669,3055788,Salaried,Rural,0
L2233,Female,36,Hindu,<2L,522,2247663,Salaried,Urban-Middle,0
L2234,Male,28,Hindu,<2L,598,822519,Salaried,Semi-Urban,0
L2235,Female,43,Hindu,5-10L,688,3911600,Self-employed,Urban-Middle,1
L2236,Female,42,Hindu,10-25L,711,2850643,Business,Urban-Low,0
L2237,Female,40,Hindu,<2L,683,3113024,Salaried,Urban-Premium,0
L2238,Female,23,Muslim,<2L,592,4417415,Salaried,Urban-Low,0
L2239,Female,39,Hindu,2-5L,573,340888,Salaried,Urban-Low,0
L2240,Male,22,Hindu,<2L,627,4775245,Salaried,Rural,0
L2241,Female,34,Hindu,5-10L,666,4675026,Self-employed,Urban-Low,1
L2242,Male,42,Hindu,5-10L,698,485623,Self-employed,Urban-Middle,1
L2243,Female,45,Hindu,5-10L,763,875586,Self-employed,Urban-Premium,0
L2244,Male,26,Christian,10-25L,750,1062562,Self-employed,Urban-Premium,1
L2245,Female,27,Hindu,2-5L,704,2569055,Self-employed,Urban-Middle,0
L2246,Male,35,Hindu,2-5L,681,251040,Business,Urban-Premium,1
L2247,Female,41,Hindu,5-10L,561,2201548,Self-employed,Semi-Urban,1
L2248,Female,30,Hindu,<2L,630,702955,Unemployed,Urban-Middle,0
L2249,Male,39,Hindu,<2L,667,1226600,Self-employed,Urban-Middle,0
L2250,Female,21,Hindu,2-5L,751,3665138,Salaried,Rural,0
L2251,Male,39,Hindu,2-5L,706,875602,Salaried,Semi-Urban,0
L2252,Male,36,Hindu,<2L,764,2376978,Business,Semi-Urban,1
L2253,Male,47,Hindu,5-10L,626,2528704,Salaried,Urban-Low,1
L2254,Male,21,Other,<2L,761,1794559,Salaried,Urban-Premium,1
L2255,Male,53,Hindu,<2L,674,2793149,Business,Urban-Premium,0
L2256,Male,21,Hindu,<2L,605,2567493,Business,Urban-Low,0
L2257,Male,34,Hindu,10-25L,565,1418686,Business,Urban-Premium,0
L2258,Male,30,Hindu,10-25L,782,2123264,Self-employed,Urban-Premium,1
L2259,Male,38,Hindu,5-10L,631,4126827,Business,Urban-Low,1
L2260,Male,35,Hindu,2-5L,595,2429259,Salaried,Semi-Urban,0
L2261,Female,31,Sikh,2-5L,631,4479493,Self-employed,Semi-Urban,0
L2262,Male,27,Hindu,5-10L,649,251755,Salaried,Urban-Premium,0
L2263,Female,33,Hindu,>25L,583,4616460,Business,Semi-Urban,0
L2264,Male,41,Hindu,2-5L,598,3931808,Business,Urban-Low,0
L2265,Male,39,Hindu,2-5L,652,1126644,Salaried,Rural,1
L2266,Female,28,Sikh,5-10L,702,1882255,Business,Urban-Middle,0
L2267,Male,35,Hindu,2-5L,768,2418744,Self-employed,Urban-Low,0
L2268,Male,39,Hindu,2-5L,716,2089802,Business,Urban-Middle,1
L2269,Female,36,Hindu,<2L,670,1429768,Business,Urban-Middle,0
L2270,Female,30,Hindu,5-10L,824,252757,Business,Urban-Premium,0
L2271,Female,33,Muslim,2-5L,586,2455175,Self-employed,Semi-Urban,0
L2272,Female,34,Hindu,2-5L,652,2896256,Salaried,Urban-Low,0
L2273,Male,46,Hindu,5-10L,660,1637532,Salaried,Urban-Middle,1
L2274,Female,38,Muslim,<2L,691,4432801,Business,Urban-Low,0
L2275,Female,35,Hindu,<2L,844,4099516,Unemployed,Urban-Middle,1
L2276,Female,22,Hindu,5-10L,715,3875017,Salaried,Urban-Middle,0
L2277,Male,28,Hindu,5-10L,750,677899,Self-employed,Urban-Middle,1
L2278,Male,42,Hindu,>25L,623,1930667,Self-employed,Urban-Premium,0
L2279,Male,34,Hindu,5-10L,577,4759612,Salaried,Urban-Middle,0
L2280,Male,37,Muslim,<2L,548,4720801,Business,Urban-Middle,0
L2281,Female,50,Sikh,<2L,629,1943927,Salaried,Urban-Premium,0
L2282,Male,40,Muslim,2-5L,640,1562408,Self-employed,Urban-Middle,1
L2283,Male,26,Hindu,<2L,618,1280881,Business,Urban-Low,0
L2284,Female,21,Hindu,2-5L,596,1651753,Self-employed,Urban-Middle,0
L2285,Male,36,Sikh,2-5L,583,722464,Salaried,Urban-Middle,1
L2286,Male,21,Hindu,5-10L,759,1635501,Salaried,Semi-Urban,1
L2287,Female,37,Hindu,5-10L,609,2987725,Self-employed,Urban-Middle,0
L2288,Female,26,Hindu,5-10L,695,3984246,Self-employed,Urban-Middle,1
L2289,Male,46,Hindu,5-10L,715,4574709,Business,Rural,0
L2290,Male,22,Christian,2-5L,822,4907044,Self-employed,Semi-Urban,0
L2291,Female,49,Hindu,<2L,691,2651211,Self-employed,Urban-Low,0
L2292,Male,43,Christian,2-5L,540,187993,Salaried,Urban-Low,0
L2293,Female,39,Hindu,10-25L,625,3572515,Salaried,Urban-Premium,1
L2294,Male,25,Hindu,2-5L,536,1426305,Salaried,Semi-Urban,0
L2295,Female,26,Christian,2-5L,711,1109761,Salaried,Urban-Premium,0
L2296,Male,51,Hindu,10-25L,660,2215844,Business,Urban-Low,0
L2297,Female,42,Muslim,5-10L,669,4843555,Business,Semi-Urban,1
L2298,Male,45,Hindu,10-25L,717,2787164,Salaried,Urban-Middle,1
L2299,Male,21,Muslim,<2L,658,2633892,Business,Urban-Low,0
L2300,Female,21,Muslim,5-10L,580,2001852,Salaried,Urban-Middle,0
L2301,Male,52,Hindu,10-25L,675,4880083,Salaried,Urban-Low,1
L2302,Female,44,Muslim,5-10L,734,2304572,Business,Rural,0
L2303,Male,34,Hindu,2-5L,489,2297577,Unemployed,Urban-Middle,0
L2304,Male,50,Hindu,5-10L,712,1342848,Salaried,Urban-Premium,1
L2305,Female,27,Hindu,<2L,710,413813,Business,Rural,0
L2306,Male,35,Hindu,2-5L,670,1113501,Self-employed,Urban-Low,0
L2307,Female,25,Hindu,10-25L,620,3504621,Salaried,Rural,1
L2308,Female,39,Hindu,>25L,670,4517280,Salaried,Semi-Urban,1
L2309,Male,21,Hindu,2-5L,579,4378946,Self-employed,Urban-Premium,0
L2310,Female,36,Sikh,5-10L,673,3852240,Salaried,Urban-Low,0
L2311,Male,29,Hindu,>25L,681,933699,Salaried,Urban-Low,1
L2312,Male,42,Hindu,<2L,694,3293230,Self-employed,Semi-Urban,0
L2313,Female,26,Hindu,10-25L,502,868138,Salaried,Urban-Low,1
L2314,Male,41,Hindu,>25L,765,188356,Self-employed,Semi-Urban,1
L2315,Female,39,Hindu,10-25L,819,4040879,Self-employed,Urban-Middle,1
L2316,Female,21,Hindu,>25L,555,546077,Self-employed,Urban-Low,1
L2317,Female,26,Muslim,10-25L,744,2477875,Self-employed,Rural,0
L2318,Male,27,Hindu,2-5L,559,1416040,Business,Urban-Premium,0
L2319,Male,40,Hindu,10-25L,658,2371384,Salaried,Rural,0
L2320,Male,44,Hindu,2-5L,715,4545491,Self-employed,Urban-Low,0
L2321,Female,39,Hindu,5-10L,677,2312580,Salaried,Semi-Urban,1
L2322,Female,32,Christian,>25L,759,619851,Salaried,Rural,1
L2323,Female,35,Hindu,10-25L,758,3403676,Salaried,Urban-Premium,1
L2324,Male,40,Hindu,5-10L,724,3060871,Business,Urban-Low,0
L2325,Male,25,Hindu,<2L,607,1065072,Salaried,Urban-Middle,0
L2326,Male,51,Hindu,<2L,493,4414067,Salaried,Urban-Low,0
L2327,Male,29,Muslim,<2L,739,4741136,Salaried,Urban-Low,1
L2328,Male,26,Muslim,5-10L,646,804788,Salaried,Semi-Urban,1
L2329,Female,23,Hindu,<2L,629,2197294,Self-employed,Urban-Middle,1
L2330,Male,39,Hindu,2-5L,688,2909667,Business,Semi-Urban,1
L2331,Male,27,Muslim,5-10L,692,4049253,Salaried,Semi-Urban,1
L2332,Female,35,Hindu,10-25L,776,2529013,Salaried,Semi-Urban,0
L2333,Female,21,Hindu,2-5L,572,962837,Self-employed,Urban-Middle,0
L2334,Male,34,Hindu,<2L,696,2994693,Self-employed,Urban-Low,0
L2335,Male,34,Hindu,<2L,580,1332007,Salaried,Rural,0
L2336,Male,24,Hindu,<2L,628,3389703,Self-employed,Rural,0
L2337,Male,30,Hindu,<2L,611,2825558,Salaried,Rural,1
L2338,Female,42,Hindu,<2L,622,4303657,Salaried,Semi-Urban,0
L2339,Female,60,Hindu,5-10L,714,2242680,Salaried,Urban-Premium,0
L2340,Male,50,Hindu,2-5L,668,4960878,Self-employed,Semi-Urban,1
L2341,Male,30,Hindu,2-5L,645,3307643,Self-employed,Urban-Low,0
L2342,Male,28,Other,<2L,660,454507,Business,Urban-Middle,0
L2343,Male,46,Hindu,2-5L,687,4723469,Salaried,Urban-Low,0
L2344,Female,35,Christian,2-5L,632,4393832,Salaried,Semi-Urban,0
L2345,Male,40,Sikh,2-5L,594,1149931,Salaried,Urban-Low,0
L2346,Male,37,Hindu,<2L,701,3506625,Salaried,Urban-Low,0
L2347,Male,48,Hindu,<2L,657,1930474,Salaried,Urban-Low,0
L2348,Male,44,Hindu,5-10L,633,3520772,Salaried,Urban-Premium,0
L2349,Male,29,Hindu,<2L,742,467958,Business,Urban-Middle,0
L2350,Female,40,Hindu,5-10L,793,3180734,Self-employed,Rural,0
L2351,Male,42,Hindu,2-5L,783,2274539,Self-employed,Urban-Low,1
L2352,Female,31,Hindu,5-10L,705,904506,Salaried,Rural,1
L2353,Female,29,Hindu,5-10L,554,2365571,Salaried,Rural,0
L2354,Male,38,Sikh,2-5L,716,2927099,Salaried,Semi-Urban,1
L2355,Male,34,Hindu,10-25L,764,1396525,Self-employed,Urban-Low,1
L2356,Male,44,Muslim,5-10L,818,427076,Salaried,Urban-Low,1
L2357,Male,32,Hindu,5-10L,570,3798875,Self-employed,Semi-Urban,0
L2358,Male,25,Sikh,10-25L,798,2979702,Salaried,Urban-Middle,1
L2359,Male,21,Hindu,>25L,684,3652060,Salaried,Semi-Urban,1
L2360,Male,34,Hindu,2-5L,850,1898093,Salaried,Urban-Premium,1
L2361,Female,33,Hindu,5-10L,730,2476462,Salaried,Urban-Low,1
L2362,Male,21,Muslim,2-5L,606,4183044,Salaried,Semi-Urban,1
L2363,Male,41,Other,2-5L,641,2046414,Self-employed,Rural,0
L2364,Female,29,Hindu,5-10L,684,4757910,Business,Urban-Middle,0
L2365,Female,28,Muslim,2-5L,422,1341650,Self-employed,Urban-Premium,0
L2366,Female,30,Hindu,2-5L,802,3729821,Business,Semi-Urban,0
L2367,Male,41,Hindu,10-25L,611,2055298,Unemployed,Urban-Middle,0
L2368,Male,34,Muslim,5-10L,617,4373319,Salaried,Urban-Premium,0
L2369,Female,41,Hindu,5-10L,646,809082,Business,Urban-Middle,0
L2370,Female,60,Hindu,2-5L,819,2430709,Self-employed,Rural,0
L2371,Female,44,Hindu,>25L,822,3578043,Unemployed,Urban-Middle,0
L2372,Male,43,Hindu,5-10L,621,1682215,Salaried,Semi-Urban,0
L2373,Male,30,Muslim,2-5L,590,2105063,Self-employed,Urban-Low,0
L2374,Male,22,Hindu,>25L,678,3064255,Self-employed,Urban-Low,0
L2375,Male,42,Sikh,10-25L,659,1427719,Salaried,Urban-Middle,0
L2376,Male,33,Hindu,2-5L,651,4009921,Self-employed,Urban-Premium,1
L2377,Female,21,Muslim,5-10L,737,4733585,Salaried,Urban-Low,1
L2378,Female,35,Hindu,10-25L,614,2956791,Business,Rural,1
L2379,Male,28,Hindu,>25L,694,2707378,Salaried,Rural,0
L2380,Male,32,Muslim,2-5L,749,700657,Business,Urban-Low,1
L2381,Male,48,Hindu,5-10L,779,3523314,Self-employed,Urban-Low,0
L2382,Male,21,Hindu,<2L,661,3204322,Salaried,Urban-Middle,1
L2383,Male,46,Muslim,<2L,716,3468210,Self-employed,Semi-Urban,1
L2384,Male,27,Hindu,2-5L,643,2657233,Self-employed,Urban-Middle,0
L2385,Male,47,Hindu,<2L,730,3635407,Salaried,Semi-Urban,0
L2386,Female,31,Hindu,5-10L,777,2789324,Self-employed,Urban-Low,0
L2387,Male,38,Hindu,2-5L,681,3765370,Salaried,Urban-Middle,0
L2388,Male,22,Hindu,5-10L,614,1902451,Self-employed,Urban-Premium,0
L2389,Female,46,Hindu,10-25L,584,993442,Business,Semi-Urban,1
L2390,Male,40,Muslim,2-5L,755,3610733,Salaried,Urban-Middle,1
L2391,Male,35,Hindu,5-10L,717,385656,Unemployed,Semi-Urban,0
L2392,Female,43,Hindu,<2L,652,3961782,Business,Urban-Middle,0
L2393,Female,43,Hindu,<2L,683,2703520,Business,Semi-Urban,0
L2394,Female,43,Hindu,10-25L,595,1560100,Salaried,Urban-Middle,0
L2395,Female,46,Christian,2-5L,850,4750651,Unemployed,Urban-Middle,0
L2396,Male,26,Hindu,5-10L,437,1540616,Self-employed,Urban-Middle,1
L2397,Male,23,Hindu,5-10L,716,3794294,Salaried,Urban-Low,1
L2398,Female,37,Hindu,>25L,542,2790507,Self-employed,Urban-Low,0
L2399,Female,30,Muslim,<2L,594,1557714,Salaried,Semi-Urban,0
L2400,Male,26,Hindu,2-5L,723,1961512,Salaried,Urban-Premium,0
L2401,Female,23,Hindu,<2L,646,1962955,Business,Semi-Urban,0
L2402,Female,48,Sikh,>25L,675,4555398,Self-employed,Urban-Middle,0
L2403,Male,31,Christian,10-25L,635,649981,Salaried,Semi-Urban,0
L2404,Female,35,Hindu,2-5L,497,977980,Self-employed,Urban-Low,0
L2405,Male,33,Hindu,5-10L,740,1952044,Salaried,Urban-Premium,1
L2406,Male,36,Hindu,<2L,582,3521255,Self-employed,Urban-Middle,0
L2407,Male,32,Hindu,5-10L,694,466254,Salaried,Rural,1
L2408,Female,33,Christian,2-5L,727,2260190,Self-employed,Semi-Urban,1
L2409,Male,30,Hindu,2-5L,621,813580,Salaried,Urban-Low,0
L2410,Male,48,Muslim,<2L,785,2573296,Self-employed,Urban-Low,0
L2411,Male,54,Hindu,10-25L,785,2070566,Salaried,Urban-Premium,1
L2412,Male,47,Muslim,<2L,605,1183503,Salaried,Urban-Low,0
L2413,Female,22,Hindu,<2L,628,1388328,Salaried,Urban-Low,0
L2414,Male,32,Muslim,<2L,675,315132,Self-employed,Semi-Urban,1
L2415,Female,48,Hindu,2-5L,711,3639324,Salaried,Urban-Low,1
L2416,Male,28,Hindu,5-10L,794,4373802,Salaried,Urban-Middle,1
L2417,Female,26,Hindu,<2L,649,2469605,Self-employed,Urban-Middle,1
L2418,Male,45,Hindu,5-10L,733,1083020,Salaried,Urban-Middle,1
L2419,Male,27,Sikh,<2L,768,2845183,Salaried,Urban-Middle,1
L2420,Male,42,Muslim,2-5L,602,3520564,Salaried,Urban-Middle,0
L2421,Male,21,Hindu,2-5L,644,1633824,Business,Urban-Low,0
L2422,Male,26,Muslim,>25L,559,2249411,Salaried,Semi-Urban,1
L2423,Female,21,Hindu,10-25L,626,3606614,Business,Urban-Middle,1
L2424,Male,21,Hindu,<2L,625,4312361,Salaried,Urban-Middle,1
L2425,Male,21,Hindu,5-10L,662,3599026,Self-employed,Urban-Premium,0
L2426,Female,29,Hindu,<2L,637,3765992,Salaried,Semi-Urban,0
L2427,Male,49,Hindu,5-10L,715,1400311,Self-employed,Semi-Urban,1
L2428,Male,33,Hindu,2-5L,723,3865492,Salaried,Urban-Middle,0
L2429,Male,21,Other,>25L,660,3206869,Business,Rural,1
L2430,Female,24,Hindu,10-25L,639,2377764,Self-employed,Rural,1
L2431,Male,21,Hindu,>25L,803,537112,Salaried,Urban-Low,1
L2432,Male,31,Hindu,5-10L,680,2908431,Business,Semi-Urban,0
L2433,Male,33,Hindu,5-10L,793,3720144,Self-employed,Rural,1
L2434,Male,29,Muslim,>25L,736,3514298,Self-employed,Urban-Low,0
L2435,Female,22,Hindu,<2L,797,2430949,Self-employed,Semi-Urban,0
L2436,Male,43,Muslim,10-25L,607,4958811,Salaried,Semi-Urban,0
L2437,Male,25,Hindu,5-10L,695,373104,Self-employed,Rural,0
L2438,Male,21,Hindu,10-25L,735,2655837,Business,Semi-Urban,0
L2439,Male,31,Hindu,5-10L,613,3035586,Salaried,Urban-Premium,1
L2440,Female,21,Hindu,2-5L,799,4687117,Salaried,Semi-Urban,1
L2441,Male,36,Muslim,<2L,727,3675072,Salaried,Semi-Urban,0
L2442,Female,24,Hindu,>25L,650,2018250,Business,Urban-Premium,1
L2443,Female,32,Hindu,>25L,657,244755,Salaried,Urban-Middle,0
L2444,Female,41,Hindu,2-5L,850,4997575,Business,Rural,0
L2445,Female,31,Christian,5-10L,599,1721346,Salaried,Urban-Low,0
L2446,Male,24,Hindu,<2L,806,1812423,Self-employed,Semi-Urban,0
L2447,Male,42,Hindu,5-10L,850,3605979,Salaried,Semi-Urban,1
L2448,Male,34,Hindu,2-5L,624,4167868,Unemployed,Semi-Urban,0
L2449,Female,21,Christian,5-10L,584,263748,Business,Urban-Low,0
L2450,Male,33,Christian,10-25L,692,4738868,Salaried,Urban-Middle,1
L2451,Female,23,Hindu,10-25L,686,3838449,Business,Rural,0
L2452,Female,35,Hindu,<2L,512,1276620,Salaried,Urban-Middle,0
L2453,Female,39,Hindu,5-10L,579,4478878,Salaried,Urban-Low,1
L2454,Female,31,Hindu,10-25L,639,3134821,Salaried,Urban-Premium,0
L2455,Male,48,Hindu,2-5L,799,2681167,Salaried,Urban-Middle,1
L2456,Female,29,Hindu,5-10L,646,3785558,Self-employed,Rural,0
L2457,Male,44,Hindu,2-5L,788,3313401,Salaried,Urban-Premium,1
L2458,Female,49,Hindu,2-5L,641,890943,Salaried,Semi-Urban,0
L2459,Female,46,Hindu,<2L,686,4908937,Salaried,Semi-Urban,1
L2460,Male,21,Hindu,2-5L,690,275167,Self-employed,Urban-Low,1
L2461,Female,26,Hindu,2-5L,705,457544,Business,Urban-Low,0
L2462,Female,41,Hindu,<2L,574,170906,Salaried,Semi-Urban,1
L2463,Male,55,Sikh,2-5L,782,3941233,Self-employed,Rural,1
L2464,Female,26,Hindu,10-25L,604,2143570,Salaried,Urban-Middle,1
L2465,Male,44,Christian,<2L,535,2540938,Salaried,Urban-Low,1
L2466,Male,27,Hindu,10-25L,634,2194465,Self-employed,Semi-Urban,1
L2467,Male,54,Hindu,2-5L,663,3188964,Salaried,Urban-Premium,0
L2468,Male,36,Muslim,2-5L,707,1247552,Self-employed,Urban-Middle,1
L2469,Male,23,Muslim,<2L,686,4882317,Salaried,Urban-Premium,0
L2470,Female,40,Hindu,5-10L,781,547099,Self-employed,Semi-Urban,0
L2471,Female,31,Hindu,2-5L,514,4316506,Salaried,Semi-Urban,0
L2472,Female,44,Hindu,5-10L,640,1148634,Salaried,Urban-Middle,0
L2473,Male,29,Hindu,2-5L,671,4682567,Salaried,Urban-Low,0
L2474,Female,37,Hindu,5-10L,634,4717439,Business,Urban-Premium,0
L2475,Male,28,Hindu,2-5L,676,3156337,Business,Urban-Middle,1
L2476,Male,41,Muslim,<2L,664,629804,Salaried,Urban-Premium,0
L2477,Male,38,Hindu,5-10L,713,4383108,Salaried,Urban-Premium,0
L2478,Female,32,Other,2-5L,693,3648604,Business,Urban-Middle,0
L2479,Male,40,Sikh,<2L,702,2441597,Salaried,Semi-Urban,1
L2480,Male,30,Hindu,2-5L,561,4375081,Self-employed,Urban-Low,1
L2481,Female,29,Hindu,2-5L,754,720067,Self-employed,Urban-Premium,0
L2482,Female,29,Sikh,5-10L,456,2489232,Self-employed,Semi-Urban,0
L2483,Male,33,Hindu,5-10L,642,3047587,Self-employed,Urban-Middle,0
L2484,Male,35,Hindu,<2L,679,2614040,Business,Semi-Urban,1
L2485,Female,44,Christian,<2L,688,3267368,Self-employed,Urban-Premium,0
L2486,Male,35,Hindu,<2L,850,1465697,Salaried,Urban-Middle,1
L2487,Male,21,Muslim,10-25L,617,4696140,Business,Semi-Urban,1
L2488,Male,21,Hindu,5-10L,700,1704145,Business,Semi-Urban,1
L2489,Female,30,Hindu,<2L,645,4548663,Salaried,Urban-Middle,0
L2490,Male,48,Muslim,10-25L,596,4866997,Salaried,Semi-Urban,1
L2491,Female,25,Muslim,>25L,666,1333763,Salaried,Urban-Premium,0
L2492,Male,39,Christian,<2L,681,1907524,Salaried,Urban-Middle,0
L2493,Female,49,Muslim,<2L,638,1543779,Salaried,Urban-Low,0
L2494,Male,45,Hindu,<2L,739,4258888,Salaried,Rural,1
L2495,Male,45,Hindu,<2L,590,2690286,Self-employed,Urban-Middle,1
L2496,Male,45,Hindu,2-5L,629,2613124,Self-employed,Urban-Middle,1
L2497,Male,24,Hindu,2-5L,744,3725002,Self-employed,Urban-Low,0
L2498,Female,21,Muslim,5-10L,559,447933,Business,Urban-Premium,0
L2499,Male,42,Hindu,2-5L,628,2857005,Salaried,Urban-Premium,0
L2500,Female,37,Hindu,>25L,695,4340604,Salaried,Urban-Middle,0
L2501,Female,21,Muslim,5-10L,667,328241,Self-employed,Rural,0
L2502,Female,52,Christian,2-5L,777,1835902,Business,Rural,0
L2503,Female,33,Hindu,5-10L,520,467608,Business,Semi-Urban,1
L2504,Female,22,Hindu,10-25L,820,3530922,Self-employed,Semi-Urban,1
L2505,Male,26,Hindu,>25L,574,3278859,Business,Semi-Urban,0
L2506,Male,29,Hindu,2-5L,712,2605349,Business,Rural,0
L2507,Male,32,Hindu,>25L,688,4206980,Self-employed,Urban-Middle,1
L2508,Male,26,Hindu,2-5L,737,4801254,Salaried,Semi-Urban,0
L2509,Female,43,Hindu,>25L,698,1973586,Business,Urban-Low,0
L2510,Male,23,Hindu,10-25L,850,2277529,Self-employed,Urban-Premium,0
L2511,Male,37,Hindu,<2L,702,1022179,Salaried,Urban-Low,0
L2512,Male,30,Hindu,2-5L,812,448912,Business,Urban-Middle,0
L2513,Male,36,Christian,10-25L,678,3664246,Salaried,Urban-Middle,1
L2514,Male,52,Hindu,5-10L,779,669285,Self-employed,Urban-Middle,1
L2515,Male,28,Hindu,2-5L,760,3499413,Salaried,Urban-Middle,1
L2516,Male,21,Christian,10-25L,790,3091514,Salaried,Urban-Middle,1
L2517,Male,50,Hindu,10-25L,692,2312577,Self-employed,Rural,0
L2518,Male,34,Hindu,5-10L,657,3291546,Salaried,Semi-Urban,1
L2519,Female,27,Hindu,2-5L,600,3996906,Self-employed,Urban-Low,0
L2520,Male,28,Hindu,2-5L,850,1091138,Salaried,Urban-Premium,0
L2521,Male,26,Sikh,5-10L,699,3639923,Salaried,Urban-Middle,1
L2522,Female,46,Hindu,10-25L,630,740421,Salaried,Urban-Middle,0
L2523,Male,24,Hindu,10-25L,609,3904317,Self-employed,Semi-Urban,0
L2524,Male,40,Hindu,10-25L,747,3531501,Salaried,Urban-Low,0
L2525,Male,34,Hindu,5-10L,686,1221817,Salaried,Urban-Middle,1
L2526,Male,35,Christian,5-10L,717,2428707,Business,Urban-Low,1
L2527,Female,42,Hindu,10-25L,491,3166706,Business,Urban-Middle,0
L2528,Female,37,Hindu,>25L,656,1763691,Salaried,Urban-Low,1
L2529,Female,39,Hindu,2-5L,658,2303654,Self-employed,Urban-Premium,0
L2530,Male,33,Hindu,5-10L,621,3503255,Salaried,Urban-Middle,0
L2531,Male,45,Hindu,2-5L,649,2620477,Self-employed,Semi-Urban,0
L2532,Female,27,Hindu,10-25L,480,1227002,Salaried,Semi-Urban,0
L2533,Male,33,Hindu,2-5L,560,3612308,Self-employed,Urban-Middle,1
L2534,Female,40,Hindu,5-10L,642,4377448,Business,Urban-Middle,0
L2535,Male,28,Christian,<2L,801,1624104,Salaried,Urban-Middle,1
L2536,Male,27,Hindu,10-25L,736,4307881,Salaried,Semi-Urban,1
L2537,Male,36,Hindu,2-5L,699,3321721,Salaried,Urban-Middle,0
L2538,Male,46,Hindu,>25L,747,3709618,Salaried,Urban-Low,0
L2539,Male,51,Hindu,2-5L,710,3336608,Self-employed,Semi-Urban,1
L2540,Female,41,Hindu,2-5L,663,2864016,Self-employed,Urban-Premium,1
L2541,Female,43,Hindu,10-25L,590,2612171,Self-employed,Rural,1
L2542,Female,37,Sikh,2-5L,724,4769779,Self-employed,Urban-Premium,0
L2543,Male,44,Hindu,2-5L,807,4013981,Business,Semi-Urban,1
L2544,Female,38,Hindu,>25L,795,3590730,Salaried,Semi-Urban,1
L2545,Male,30,Hindu,<2L,768,4942197,Salaried,Urban-Low,0
L2546,Male,44,Hindu,10-25L,745,4084214,Salaried,Urban-Premium,1
L2547,Male,31,Hindu,>25L,643,1571112,Self-employed,Urban-Low,1
L2548,Male,24,Hindu,5-10L,556,2020944,Business,Urban-Low,0
L2549,Female,28,Hindu,2-5L,523,3530919,Business,Semi-Urban,0
L2550,Male,38,Hindu,5-10L,717,609972,Business,Urban-Low,0
L2551,Male,22,Hindu,2-5L,761,4648262,Self-employed,Semi-Urban,1
L2552,Female,29,Hindu,<2L,582,3640060,Business,Urban-Middle,0
L2553,Male,33,Hindu,5-10L,583,1618656,Business,Semi-Urban,0
L2554,Female,31,Hindu,10-25L,842,4285911,Salaried,Semi-Urban,0
L2555,Male,21,Sikh,<2L,780,1335756,Salaried,Semi-Urban,0
L2556,Male,27,Hindu,2-5L,684,521271,Business,Semi-Urban,0
L2557,Male,38,Hindu,>25L,658,3646633,Business,Semi-Urban,0
L2558,Female,22,Hindu,5-10L,755,851938,Salaried,Semi-Urban,0
L2559,Male,28,Hindu,>25L,636,3071643,Business,Rural,0
L2560,Female,24,Muslim,5-10L,653,315461,Business,Urban-Middle,0
L2561,Male,27,Hindu,2-5L,696,2126135,Salaried,Semi-Urban,0
L2562,Male,48,Hindu,<2L,657,3175890,Salaried,Urban-Low,0
L2563,Male,35,Hindu,10-25L,657,1017148,Business,Urban-Low,0
L2564,Male,36,Muslim,10-25L,772,4518534,Salaried,Rural,0
L2565,Male,32,Hindu,2-5L,590,3661000,Business,Semi-Urban,1
L2566,Female,28,Hindu,5-10L,643,657436,Salaried,Urban-Middle,0
L2567,Female,21,Hindu,2-5L,662,4741693,Salaried,Urban-Low,0
L2568,Female,40,Muslim,<2L,529,154876,Salaried,Urban-Premium,0
L2569,Male,41,Hindu,<2L,650,629985,Self-employed,Urban-Low,0
L2570,Female,39,Hindu,2-5L,788,4740728,Self-employed,Urban-Low,0
L2571,Male,38,Muslim,<2L,664,4444164,Self-employed,Urban-Middle,0
L2572,Male,37,Hindu,2-5L,659,932444,Salaried,Rural,0
L2573,Male,33,Hindu,10-25L,733,4016403,Salaried,Urban-Premium,0
L2574,Female,49,Hindu,10-25L,718,1921834,Salaried,Semi-Urban,1
L2575,Female,34,Sikh,2-5L,655,4595871,Salaried,Semi-Urban,0
L2576,Male,31,Muslim,5-10L,572,3474283,Salaried,Urban-Low,1
L2577,Male,36,Hindu,5-10L,625,3841796,Self-employed,Urban-Middle,1
L2578,Male,45,Hindu,10-25L,669,2992241,Salaried,Urban-Low,1
L2579,Male,36,Hindu,<2L,543,4635167,Salaried,Semi-Urban,0
L2580,Female,47,Hindu,<2L,689,3401187,Salaried,Urban-Low,0
L2581,Male,23,Muslim,5-10L,741,4460832,Business,Urban-Middle,0
L2582,Male,27,Muslim,10-25L,454,2131638,Salaried,Rural,1
L2583,Male,23,Other,<2L,540,4534931,Business,Urban-Middle,1
L2584,Female,47,Hindu,<2L,584,3463223,Salaried,Rural,0
L2585,Female,40,Hindu,10-25L,552,2832447,Self-employed,Urban-Middle,0
L2586,Male,49,Hindu,>25L,636,1539014,Salaried,Semi-Urban,1
L2587,Male,54,Hindu,>25L,735,3413545,Salaried,Urban-Low,0
L2588,Female,30,Hindu,<2L,602,3031365,Business,Urban-Middle,0
L2589,Male,48,Muslim,10-25L,802,641838,Business,Urban-Low,0
L2590,Female,32,Christian,>25L,602,2581221,Self-employed,Semi-Urban,0
L2591,Male,48,Hindu,>25L,728,983421,Self-employed,Semi-Urban,0
L2592,Female,45,Muslim,<2L,695,4258079,Salaried,Urban-Middle,0
L2593,Male,45,Hindu,2-5L,699,1452768,Salaried,Urban-Premium,1
L2594,Female,39,Christian,5-10L,602,4074006,Salaried,Urban-Middle,0
L2595,Female,40,Hindu,<2L,733,2416741,Business,Urban-Middle,1
L2596,Female,35,Hindu,2-5L,795,3315517,Salaried,Semi-Urban,1
L2597,Male,29,Hindu,2-5L,662,1111914,Unemployed,Urban-Premium,0
L2598,Male,36,Hindu,<2L,590,344620,Salaried,Urban-Premium,1
L2599,Male,51,Sikh,>25L,729,1666275,Salaried,Semi-Urban,1
